lake,site,date,time,totaldepth,secchi,distoutlet,depth,temp,spcond,do,ph,turb,daylighthours,depthbelow4
CLBCE,1,20150528,15:08,6.4,57.6,1740,0,26.2,620.1,9.2,8.8,2.5,9.1,
CLBCE,1,20150528,15:08,6.4,57.6,1740,1,23.6,608.1,9.9,8.9,2.4,9.1,
CLBCE,1,20150528,15:08,6.4,57.6,1740,2,23.2,612.5,9.4,8.9,2.9,9.1,
CLBCE,1,20150528,15:08,6.4,57.6,1740,3,20,576.5,10.7,9,3.2,9.1,
CLBCE,1,20150528,15:08,6.4,57.6,1740,4,17.7,580.5,9.7,8.9,2.8,9.1,
CLBCE,1,20150528,15:08,6.4,57.6,1740,5,14.8,628.3,3.5,7.8,2.7,9.1,5
CLBCE,1,20150528,15:08,6.4,57.6,1740,6,13.3,620.6,0.4,7.6,3.2,9.1,
CLBCE,1,20150528,15:08,6.4,57.6,1740,7,12.6,686.1,0.1,7.5,2.8,9.1,
CLBCE,2,20150528,18:51,7.2,57.6,5130,0,25.4,677.2,9.5,8.8,2.5,12.8,
CLBCE,2,20150528,18:51,7.2,57.6,5130,1,24.4,661.5,9.9,8.9,2.7,12.8,
CLBCE,2,20150528,18:51,7.2,57.6,5130,2,22.9,660.4,10.2,8.9,2.8,12.8,
CLBCE,2,20150528,18:51,7.2,57.6,5130,3,20,616.9,10.4,9,3.1,12.8,
CLBCE,2,20150528,18:51,7.2,57.6,5130,4,18.3,721,5.9,8.2,3.4,12.8,
CLBCE,2,20150528,18:51,7.2,57.6,5130,5,16.1,736.9,0.4,7.5,3.9,12.8,5
CLBCE,2,20150528,18:51,7.2,57.6,5130,6,13.6,741.3,0,7.5,3.3,12.8,
CLBCE,2,20150528,18:51,7.2,57.6,5130,7,12.9,740.6,0,7.5,2.9,12.8,
CLBCE,3,20150529,10:11,5.6,54.0,7068,0,24.3,706.7,9.1,8.8,3,4.1,
CLBCE,3,20150529,10:11,5.6,54.0,7068,1,24.3,706.7,9.1,8.8,3,4.1,
CLBCE,3,20150529,10:11,5.6,54.0,7068,2,22.9,718.1,9.5,8.8,2.9,4.1,
CLBCE,3,20150529,10:11,5.6,54.0,7068,3,19.7,733.9,7.6,8.5,3,4.1,
CLBCE,3,20150529,10:11,5.6,54.0,7068,4,18,795.9,2.9,7.8,3.9,4.1,4
CLBCE,3,20150529,10:11,5.6,54.0,7068,5,16,817.1,0.1,7.5,4.3,4.1,
CLBCE,4,20150529,12:05,3.6,38.4,9534,0,24.6,812.9,9.7,8.8,4.5,6.0,
CLBCE,4,20150529,12:05,3.6,38.4,9534,1,24.3,810.9,9.7,8.8,4.4,6.0,
CLBCE,4,20150529,12:05,3.6,38.4,9534,2,23.1,810.5,9.4,8.7,4.9,6.0,
CLBCE,4,20150529,12:05,3.6,38.4,9534,3,21.2,856.4,5.8,8.2,6.6,6.0,
CLBCE,5,20150528,17:27,6.8,56.4,2988,0,26.2,633.9,9.1,8.8,1.9,11.4,
CLBCE,5,20150528,17:27,6.8,56.4,2988,1,23.9,626.1,9.7,8.9,2.2,11.4,
CLBCE,5,20150528,17:27,6.8,56.4,2988,2,22.8,620,10.1,8.9,2.5,11.4,
CLBCE,5,20150528,17:27,6.8,56.4,2988,3,20.5,598.2,10.6,9,3.5,11.4,
CLBCE,5,20150528,17:27,6.8,56.4,2988,4,17.7,598,9.4,8.8,3,11.4,
CLBCE,5,20150528,17:27,6.8,56.4,2988,5,15.3,672.9,2.2,7.7,3.2,11.4,5
CLBCE,5,20150528,17:27,6.8,56.4,2988,6,13.6,666.1,0.3,7.6,3.9,11.4,
CLBCE,5,20150528,17:27,6.8,56.4,2988,7,13,715.1,0.1,7.5,5.8,11.4,
CLBCE,6,20150529,9:16,3.2,40.8,6669,0,23.3,664,9.1,8.8,5.1,3.2,
CLBCE,6,20150529,9:16,3.2,40.8,6669,1,23.2,661.6,9.4,8.8,4.5,3.2,
CLBCE,6,20150529,9:16,3.2,40.8,6669,2,22.2,669.7,9.3,8.8,3.6,3.2,
CLBCE,6,20150529,9:16,3.2,40.8,6669,3,20.6,646.6,8,8.6,4.5,3.2,
CLBCE,7,20150529,11:17,4.3,43.2,8430,0,24.9,804.6,9.5,8.8,3.4,5.2,
CLBCE,7,20150529,11:17,4.3,43.2,8430,1,23.9,816.5,10.1,8.8,4.4,5.2,
CLBCE,7,20150529,11:17,4.3,43.2,8430,2,23.1,773.7,9.6,8.8,4.5,5.2,
CLBCE,7,20150529,11:17,4.3,43.2,8430,3,20.2,762.9,7.6,8.6,3.7,5.2,
CLBCE,7,20150529,11:17,4.3,43.2,8430,4,18.6,874.3,1.6,7.6,6.4,5.2,4
CLBCE,8,20150529,11:42,3.9,42.0,9024,0,24.4,815.5,9.9,8.8,4.6,5.6,
CLBCE,8,20150529,11:42,3.9,42.0,9024,1,24,815.1,10.1,8.8,4.8,5.6,
CLBCE,8,20150529,11:42,3.9,42.0,9024,2,22,834,7.9,8.5,5.4,5.6,
CLBCE,8,20150529,11:42,3.9,42.0,9024,3,20.6,859.4,5.4,8.1,6.1,5.6,
CLBCE,8,20150529,11:42,3.9,42.0,9024,4,18.6,916.2,0.3,7.6,13,5.6,4
CLBCE,9,20150528,14:12,9.4,56.4,381,0,24.6,586,9.6,8.9,2.8,8.1,
CLBCE,9,20150528,14:12,9.4,56.4,381,1,24,586.7,9.8,8.9,2.5,8.1,
CLBCE,9,20150528,14:12,9.4,56.4,381,2,23.2,585.7,9.9,8.9,2.4,8.1,
CLBCE,9,20150528,14:12,9.4,56.4,381,3,19.5,567,10.9,9,2.8,8.1,
CLBCE,9,20150528,14:12,9.4,56.4,381,4,16.7,573.6,8.6,8.6,2.9,8.1,
CLBCE,9,20150528,14:12,9.4,56.4,381,5,14.9,582.3,5.3,7.9,3.4,8.1,
CLBCE,9,20150528,14:12,9.4,56.4,381,6,13.4,592.1,0.7,7.5,2.9,8.1,6
CLBCE,9,20150528,14:12,9.4,56.4,381,7,11.8,627.9,0.1,7.5,2.4,8.1,
CLBCE,9,20150528,14:12,9.4,56.4,381,8,11.4,681,0,7.5,2.5,8.1,
CLBCE,9,20150528,14:12,9.4,56.4,381,9,10.9,756,0,7.4,2.5,8.1,
CLBCE,10,20150528,10:21,5.1,54.0,7364,0,24.5,735.5,9.2,8.8,2.5,4.3,
CLBCE,10,20150528,10:21,5.1,54.0,7364,1,24,719.8,9.1,8.8,2.8,4.3,
CLBCE,10,20150528,10:21,5.1,54.0,7364,2,22.8,714.2,9.3,8.8,3.5,4.3,
CLBCE,10,20150528,10:21,5.1,54.0,7364,3,19.6,737.5,6.9,8.4,4,4.3,
CLBCE,10,20150528,10:21,5.1,54.0,7364,4,18,831.1,2.1,7.7,4.3,4.3,4
CLBCE,10,20150528,10:21,5.1,54.0,7364,5,15.7,829.5,0,7.5,5.4,4.3,
CLBCE,11,20150528,17:12,7.2,60.0,2733,0,26.5,630.7,9.1,8.8,2.7,11.1,
CLBCE,11,20150528,17:12,7.2,60.0,2733,1,23.9,625.5,9.7,8.9,2.3,11.1,
CLBCE,11,20150528,17:12,7.2,60.0,2733,2,22.7,617.3,10.2,8.9,2.7,11.1,
CLBCE,11,20150528,17:12,7.2,60.0,2733,3,20,589.4,10.5,9,2.9,11.1,
CLBCE,11,20150528,17:12,7.2,60.0,2733,4,17.8,588.1,7.6,8.8,3.5,11.1,
CLBCE,11,20150528,17:12,7.2,60.0,2733,5,15.2,651,3,7.7,3.3,11.1,5
CLBCE,11,20150528,17:12,7.2,60.0,2733,6,13.3,677,0.3,7.5,3.4,11.1,
CLBCE,11,20150528,17:12,7.2,60.0,2733,7,12.8,713.1,0.1,7.5,4.7,11.1,
CLBCE,12,20150528,16:56,8.3,60.0,2287,0,25.9,624.5,9.4,8.9,1.9,10.9,
CLBCE,12,20150528,16:56,8.3,60.0,2287,1,23.8,619.2,9.9,8.9,1.9,10.9,
CLBCE,12,20150528,16:56,8.3,60.0,2287,2,22.6,608.9,10.7,9,2.2,10.9,
CLBCE,12,20150528,16:56,8.3,60.0,2287,3,20.4,581.6,11,9,2.2,10.9,
CLBCE,12,20150528,16:56,8.3,60.0,2287,4,17.3,606.6,8.7,8.7,2.3,10.9,
CLBCE,12,20150528,16:56,8.3,60.0,2287,5,15.2,658.6,2.8,7.7,2.7,10.9,5
CLBCE,12,20150528,16:56,8.3,60.0,2287,6,13.4,642.8,0.3,7.6,2.9,10.9,
CLBCE,12,20150528,16:56,8.3,60.0,2287,7,12.5,707.3,0.1,7.5,2.1,10.9,
CLBCE,12,20150528,16:56,8.3,60.0,2287,8,12,738.5,0.1,7.5,2.8,10.9,
CLBCE,13,20150529,11:26,4.1,43.2,9016,0,24.6,811.7,10,8.8,4.1,5.4,
CLBCE,13,20150529,11:26,4.1,43.2,9016,1,23.9,812.5,10.1,8.8,3.9,5.4,
CLBCE,13,20150529,11:26,4.1,43.2,9016,2,22.3,809.3,8.7,8.7,4.3,5.4,
CLBCE,13,20150529,11:26,4.1,43.2,9016,3,20.2,817.7,6.3,8.3,4.5,5.4,
CLBCE,13,20150529,11:26,4.1,43.2,9016,4,18.5,860.8,0.7,7.6,10,5.4,4
CLBCE,14,20150529,10:51,3.2,48.0,8009,0,25,776.6,9.3,8.8,2.7,4.8,
CLBCE,14,20150529,10:51,3.2,48.0,8009,1,24.7,755.9,9.3,8.8,3,4.8,
CLBCE,14,20150529,10:51,3.2,48.0,8009,2,22.9,734.1,8.9,8.8,5.3,4.8,
CLBCE,14,20150529,10:51,3.2,48.0,8009,3,20.7,729.3,7.5,8.6,4.7,4.8,
CLBCE,15,20150529,11:34,4.1,42.0,8967,0,24.9,814.8,9.9,8.8,3.9,5.5,
CLBCE,15,20150529,11:34,4.1,42.0,8967,1,24.2,817,10.1,8.8,3.9,5.5,
CLBCE,15,20150529,11:34,4.1,42.0,8967,2,22.1,778.5,9.1,8.7,3.7,5.5,
CLBCE,15,20150529,11:34,4.1,42.0,8967,3,20.2,833,6,8.2,4.9,5.5,
CLBCE,15,20150529,11:34,4.1,42.0,8967,4,18.5,872.3,0.8,7.6,10.7,5.5,4
CLBCE,16,20150529,11:57,3.7,38.4,9311,0,24.4,813.9,10,8.8,3.7,5.9,
CLBCE,16,20150529,11:57,3.7,38.4,9311,1,23.9,812.9,10.1,8.8,3.9,5.9,
CLBCE,16,20150529,11:57,3.7,38.4,9311,2,22.5,797.5,9,8.7,4.3,5.9,
CLBCE,16,20150529,11:57,3.7,38.4,9311,3,20.6,871.1,4.7,8,8.5,5.9,
CLBCE,17,20150528,18:01,8.8,58.8,3440,0,25.5,631.9,9.4,8.9,2,12.0,
CLBCE,17,20150528,18:01,8.8,58.8,3440,1,24.1,629.6,9.8,8.9,2.3,12.0,
CLBCE,17,20150528,18:01,8.8,58.8,3440,2,23,631.4,10.1,8.9,2.5,12.0,
CLBCE,17,20150528,18:01,8.8,58.8,3440,3,20.3,591.9,10.6,9,3.2,12.0,
CLBCE,17,20150528,18:01,8.8,58.8,3440,4,17.7,639.9,7.6,8.5,2.9,12.0,
CLBCE,17,20150528,18:01,8.8,58.8,3440,5,15.9,705.4,1.7,7.6,3.3,12.0,5
CLBCE,17,20150528,18:01,8.8,58.8,3440,6,13.8,663.6,0.2,7.5,2.9,12.0,
CLBCE,17,20150528,18:01,8.8,58.8,3440,7,13,722.9,0,7.5,2.7,12.0,
CLBCE,17,20150528,18:01,8.8,58.8,3440,8,12.2,741,0,7.5,4.6,12.0,
CLBCE,17,20150528,18:01,8.8,58.8,3440,9,11.4,763.7,0,7.4,5,12.0,
CLBCE,18,20150529,9:01,6.6,56.4,5839,0,23.8,670.9,9.2,8.8,2.6,3.0,
CLBCE,18,20150529,9:01,6.6,56.4,5839,1,23.7,671.3,9.2,8.8,2.7,3.0,
CLBCE,18,20150529,9:01,6.6,56.4,5839,2,22.6,670.4,9.6,8.8,3.3,3.0,
CLBCE,18,20150529,9:01,6.6,56.4,5839,3,20.6,642.7,9.1,8.8,3.6,3.0,
CLBCE,18,20150529,9:01,6.6,56.4,5839,4,17.6,713.8,3.8,7.9,4.6,3.0,4
CLBCE,18,20150529,9:01,6.6,56.4,5839,5,15.1,768.7,0.1,7.5,3.7,3.0,
CLBCE,18,20150529,9:01,6.6,56.4,5839,6,13.8,774.1,0,7.5,4.2,3.0,
CLBCE,19,20150529,12:27,2.8,27.6,10465,0,24.3,832.4,9.3,8.7,7.5,6.4,
CLBCE,19,20150529,12:27,2.8,27.6,10465,1,23.5,837.2,9.1,8.7,7.2,6.4,
CLBCE,19,20150529,12:27,2.8,27.6,10465,2,22.4,865.8,7,8.3,7.4,6.4,
CLBCE,21,20150528,18:21,7.5,60.0,4255,0,25.8,654,9.5,8.8,2.1,12.3,
CLBCE,21,20150528,18:21,7.5,60.0,4255,1,24.9,644.4,9.6,8.9,2,12.3,
CLBCE,21,20150528,18:21,7.5,60.0,4255,2,23,637.7,9.8,8.9,3.1,12.3,
CLBCE,21,20150528,18:21,7.5,60.0,4255,3,20.4,602.8,10.9,9,3.3,12.3,
CLBCE,21,20150528,18:21,7.5,60.0,4255,4,17.8,641.6,7,8.4,3.1,12.3,
CLBCE,21,20150528,18:21,7.5,60.0,4255,5,16.1,721.9,1.7,7.6,3.9,12.3,5
CLBCE,21,20150528,18:21,7.5,60.0,4255,6,14.2,720.5,0.2,7.5,2.9,12.3,
CLBCE,21,20150528,18:21,7.5,60.0,4255,7,12.5,736.2,0.1,7.5,2.9,12.3,
CLBCE,22,20150529,10:59,4.9,49.2,7739,0,24.9,781.7,9.5,8.8,2.9,4.9,
CLBCE,22,20150529,10:59,4.9,49.2,7739,1,24.6,770.6,9.5,8.8,2.9,4.9,
CLBCE,22,20150529,10:59,4.9,49.2,7739,2,22.5,732.8,9.4,8.8,3.4,4.9,
CLBCE,22,20150529,10:59,4.9,49.2,7739,3,20.6,740.5,8.6,8.7,3.3,4.9,
CLBCE,22,20150529,10:59,4.9,49.2,7739,4,17.9,841.9,1.8,7.7,4.1,4.9,4
CLBCE,22,20150529,10:59,4.9,49.2,7739,5,16.6,856.2,0.2,7.5,4.7,4.9,
CLBCE,23,20150529,12:20,1.8,33.6,10143,0,24.5,827.8,10.2,8.8,5.5,6.3,
CLBCE,23,20150529,12:20,1.8,33.6,10143,1,24,830.5,9.7,8.7,9.5,6.3,
CLBCE,23,20150529,12:20,1.8,33.6,10143,2,23,831.9,8.5,8.6,16,6.3,
CLBCE,24,20150529,9:44,5.4,55.2,6375,0,24,685.6,9.1,8.8,2.7,3.7,
CLBCE,24,20150529,9:44,5.4,55.2,6375,1,23.5,680.9,9.1,8.8,3,3.7,
CLBCE,24,20150529,9:44,5.4,55.2,6375,2,22.7,691.9,9.3,8.8,3.3,3.7,
CLBCE,24,20150529,9:44,5.4,55.2,6375,3,20,669,8.3,8.7,3.9,3.7,
CLBCE,24,20150529,9:44,5.4,55.2,6375,4,17.8,710.6,3.6,7.8,4.6,3.7,4
CLBCE,24,20150529,9:44,5.4,55.2,6375,5,15.6,780.1,0.2,7.5,4.1,3.7,
CLBCE,25,20150528,15:24,8.4,57.6,1858,0,24.5,613.8,9.7,8.9,2,9.3,
CLBCE,25,20150528,15:24,8.4,57.6,1858,1,23.9,610.7,9.9,8.9,2.1,9.3,
CLBCE,25,20150528,15:24,8.4,57.6,1858,2,22.9,610.7,10,8.9,2.3,9.3,
CLBCE,25,20150528,15:24,8.4,57.6,1858,3,20.3,578.8,11,9,2.6,9.3,
CLBCE,25,20150528,15:24,8.4,57.6,1858,4,17.9,582.7,9.8,8.8,2.8,9.3,
CLBCE,25,20150528,15:24,8.4,57.6,1858,5,14.9,639.5,3.7,7.8,2.8,9.3,5
CLBCE,25,20150528,15:24,8.4,57.6,1858,6,13.6,632.7,0.6,7.6,2.6,9.3,
CLBCE,25,20150528,15:24,8.4,57.6,1858,7,12.5,702.5,0.2,7.5,2.4,9.3,
CLBCE,25,20150528,15:24,8.4,57.6,1858,8,12,727,0.1,7.5,2.3,9.3,
CLBCE,26,20150528,19:08,5.0,54.0,5691,0,26.3,682.1,9.2,8.8,2.6,13.1,
CLBCE,26,20150528,19:08,5.0,54.0,5691,1,24.5,679.1,9.6,8.8,2.9,13.1,
CLBCE,26,20150528,19:08,5.0,54.0,5691,2,23.1,678.8,9.6,8.8,3.8,13.1,
CLBCE,26,20150528,19:08,5.0,54.0,5691,3,19.6,618.3,9.9,8.9,2.9,13.1,
CLBCE,26,20150528,19:08,5.0,54.0,5691,4,18.5,688.7,7,8.3,3.2,13.1,
CLBCE,26,20150528,19:08,5.0,54.0,5691,5,16.2,739,1.1,7.6,6.5,13.1,5
CLBCE,26,20150529,8:46,4.8,60.0,5691,0,23.9,674.6,9.1,8.8,2.3,2.7,
CLBCE,26,20150529,8:46,4.8,60.0,5691,1,23.7,674.7,9.1,8.8,2.7,2.7,
CLBCE,26,20150529,8:46,4.8,60.0,5691,2,22.4,654.8,9.8,8.9,2.7,2.7,
CLBCE,26,20150529,8:46,4.8,60.0,5691,3,20.4,628.7,9.5,8.8,3,2.7,
CLBCE,26,20150529,8:46,4.8,60.0,5691,4,17.8,716.7,3.5,7.9,3.9,2.7,4
CLBCE,26,20150529,8:46,4.8,60.0,5691,5,15.5,750.8,0.2,7.6,5.4,2.7,
CLBCE,27,20150529,10:33,2.7,56.4,7169,0,24.8,736.4,9.2,8.8,2.5,4.5,
CLBCE,27,20150529,10:33,2.7,56.4,7169,1,24.2,722.4,9.2,8.8,2.6,4.5,
CLBCE,27,20150529,10:33,2.7,56.4,7169,2,22.8,729.2,9.1,8.8,5,4.5,
CLBCE,27,20150529,10:33,2.7,56.4,7169,3,21,725.9,8.6,8.7,7.2,4.5,
CLBCE,28,20150528,15:37,8.8,66.0,1922,0,26.7,622.2,9.3,8.8,1.6,9.6,
CLBCE,28,20150528,15:37,8.8,66.0,1922,1,23.9,620,9.8,8.9,2,9.6,
CLBCE,28,20150528,15:37,8.8,66.0,1922,2,23.3,618.4,9.6,8.9,2.3,9.6,
CLBCE,28,20150528,15:37,8.8,66.0,1922,3,20.2,578.6,10.9,9,2.4,9.6,
CLBCE,28,20150528,15:37,8.8,66.0,1922,4,17.1,597.7,8.4,8.6,2.9,9.6,
CLBCE,28,20150528,15:37,8.8,66.0,1922,5,15.2,634.1,4.3,7.9,2.7,9.6,
CLBCE,28,20150528,15:37,8.8,66.0,1922,6,13.3,643.9,0.3,7.6,3.1,9.6,6
CLBCE,28,20150528,15:37,8.8,66.0,1922,7,12.4,710.2,0.1,7.5,2.1,9.6,
CLBCE,28,20150528,15:37,8.8,66.0,1922,8,11.9,729.9,0,7.5,2.6,9.6,
CLBCE,29,20150528,14:31,9.1,56.4,875,0,24.9,592,9.6,8.9,2.3,8.5,
CLBCE,29,20150528,14:31,9.1,56.4,875,1,23.6,587.7,9.8,8.9,2.4,8.5,
CLBCE,29,20150528,14:31,9.1,56.4,875,2,22.8,583.1,10.3,9,2.7,8.5,
CLBCE,29,20150528,14:31,9.1,56.4,875,3,19.3,569.4,10.8,9,2.7,8.5,
CLBCE,29,20150528,14:31,9.1,56.4,875,4,16.9,582.1,8.6,8.7,2.9,8.5,
CLBCE,29,20150528,14:31,9.1,56.4,875,5,14.9,603.1,5,7.9,2.9,8.5,
CLBCE,29,20150528,14:31,9.1,56.4,875,6,13.4,605.6,0.8,7.6,2.5,8.5,6
CLBCE,29,20150528,14:31,9.1,56.4,875,7,12.3,650.2,0.1,7.5,2.2,8.5,
CLBCE,29,20150528,14:31,9.1,56.4,875,8,11.7,702.1,0,7.5,2,8.5,
CLBCE,29,20150528,14:31,9.1,56.4,875,9,11,755.8,0,7.4,2.5,8.5,
CLBCE,30,20150529,10:42,5.4,48.0,7813,0,24.8,748.1,9.3,8.8,2.6,4.6,
CLBCE,30,20150529,10:42,5.4,48.0,7813,1,24.1,763.2,9.5,8.8,2.5,4.6,
CLBCE,30,20150529,10:42,5.4,48.0,7813,2,22.8,735,9.6,8.8,3.5,4.6,
CLBCE,30,20150529,10:42,5.4,48.0,7813,3,20.4,728.5,8.4,8.6,3.3,4.6,
CLBCE,30,20150529,10:42,5.4,48.0,7813,4,18.5,840.1,3.1,7.8,4,4.6,4
CLBCE,30,20150529,10:42,5.4,48.0,7813,5,16.2,849.8,0.1,7.5,4.6,4.6,
CLBCE,31,20150529,11:49,4.0,38.4,9109,0,24.8,816.6,9.8,8.8,4.4,5.8,
CLBCE,31,20150529,11:49,4.0,38.4,9109,1,23.7,818.9,10.2,8.8,4.8,5.8,
CLBCE,31,20150529,11:49,4.0,38.4,9109,2,22,888,6.4,8.3,6.5,5.8,
CLBCE,31,20150529,11:49,4.0,38.4,9109,3,20.9,923.8,3.5,7.8,8.7,5.8,3
CLBCE,31,20150529,11:49,4.0,38.4,9109,4,19.1,955.2,0.3,7.6,9.9,5.8,
CLBCE,32,20150529,12:45,3.0,33.6,10384,0,24.4,818.4,10.2,8.8,4.2,6.7,
CLBCE,32,20150529,12:45,3.0,33.6,10384,1,24.3,820.6,10.3,8.8,4.3,6.7,
CLBCE,32,20150529,12:45,3.0,33.6,10384,2,23,848.9,9.5,8.7,5.4,6.7,
CLBCE,32,20150529,12:45,3.0,33.6,10384,3,21.2,887,2.2,7.7,33,6.7,3
CLBCE,33,20150528,14:49,9.0,60.0,1391,0,24.7,605.5,9.6,8.9,1.9,8.8,
CLBCE,33,20150528,14:49,9.0,60.0,1391,1,23.7,599.4,9.9,8.9,2.1,8.8,
CLBCE,33,20150528,14:49,9.0,60.0,1391,2,22.9,593.2,10.4,9,2.3,8.8,
CLBCE,33,20150528,14:49,9.0,60.0,1391,3,19.1,567.8,10.8,9,2.6,8.8,
CLBCE,33,20150528,14:49,9.0,60.0,1391,4,17.2,579.1,9,8.7,2.9,8.8,
CLBCE,33,20150528,14:49,9.0,60.0,1391,5,14.9,626.6,4.6,7.9,2.9,8.8,
CLBCE,33,20150528,14:49,9.0,60.0,1391,6,13.2,619.5,0.3,7.5,2.8,8.8,6
CLBCE,33,20150528,14:49,9.0,60.0,1391,7,12.5,677,0.1,7.5,2.1,8.8,
CLBCE,33,20150528,14:49,9.0,60.0,1391,8,12.1,717.2,0,7.5,2.7,8.8,
CLBCE,33,20150528,14:49,9.0,60.0,1391,9,11,768.3,0,7.4,3.4,8.8,
CLBCE,34,20150529,9:58,5.5,60.0,6446,0,24.1,700.2,9.2,8.8,2.5,3.9,
CLBCE,34,20150529,9:58,5.5,60.0,6446,1,23.9,699.7,9.2,8.8,2.7,3.9,
CLBCE,34,20150529,9:58,5.5,60.0,6446,2,23.2,686.5,9.4,8.8,3.2,3.9,
CLBCE,34,20150529,9:58,5.5,60.0,6446,3,19.8,679.7,8.1,8.7,3.2,3.9,
CLBCE,34,20150529,9:58,5.5,60.0,6446,4,17.7,736.1,3.1,7.8,3.5,3.9,4
CLBCE,34,20150529,9:58,5.5,60.0,6446,5,15.5,775.5,0.2,7.5,4.6,3.9,
CLBCE,35,20150529,12:34,2.8,33.6,10784,0,24.1,830.9,10.2,8.8,4.9,6.5,
CLBCE,35,20150529,12:34,2.8,33.6,10784,1,24,832.3,10,8.8,5.5,6.5,
CLBCE,35,20150529,12:34,2.8,33.6,10784,2,23.5,834.4,9.4,8.7,5.6,6.5,
CLBCE,35,20150529,12:34,2.8,33.6,10784,3,22.5,866.6,6.4,8.3,18.5,6.5,
CLBCE,36,20150528,17:42,7.8,60.0,2888,0,25.3,628.6,9.5,8.9,2.1,11.6,
CLBCE,36,20150528,17:42,7.8,60.0,2888,1,24,614.5,10,8.9,3.4,11.6,
CLBCE,36,20150528,17:42,7.8,60.0,2888,2,23,619.6,10.2,8.9,2,11.6,
CLBCE,36,20150528,17:42,7.8,60.0,2888,3,20.4,588.6,10.9,9,3,11.6,
CLBCE,36,20150528,17:42,7.8,60.0,2888,4,17.8,599.5,8.8,8.7,2.6,11.6,
CLBCE,36,20150528,17:42,7.8,60.0,2888,5,15.4,701.4,1,7.6,2.9,11.6,5
CLBCE,36,20150528,17:42,7.8,60.0,2888,6,13.6,651.9,0.1,7.5,2.4,11.6,
CLBCE,36,20150528,17:42,7.8,60.0,2888,7,12.8,714.5,0,7.5,2.7,11.6,
CLBCE,36,20150528,17:42,7.8,60.0,2888,8,12.3,735.3,0,7.5,3.6,11.6,
CLBCE,37,20150528,18:35,6.9,60.0,4837,0,25.9,667.5,9.3,8.8,2.4,12.5,
CLBCE,37,20150528,18:35,6.9,60.0,4837,1,23.9,660.9,10,8.9,3,12.5,
CLBCE,37,20150528,18:35,6.9,60.0,4837,2,23.2,664.5,9.8,8.8,3.6,12.5,
CLBCE,37,20150528,18:35,6.9,60.0,4837,3,20.1,616,10.5,9,3.5,12.5,
CLBCE,37,20150528,18:35,6.9,60.0,4837,4,17.6,707,4.4,7.9,3.9,12.5,
CLBCE,37,20150528,18:35,6.9,60.0,4837,5,16.2,737.6,0.6,7.6,3.8,12.5,5
CLBCE,37,20150528,18:35,6.9,60.0,4837,6,13.7,746.6,0.1,7.5,3.2,12.5,
CLBCE,37,20150528,18:35,6.9,60.0,4837,7,12.8,739,0,7.5,5.3,12.5,
CLBCE,38,20150529,11:09,4.3,45.6,7993,0,24.9,802.4,9.6,8.8,3.3,5.1,
CLBCE,38,20150529,11:09,4.3,45.6,7993,1,24.5,798.2,9.7,8.8,3.6,5.1,
CLBCE,38,20150529,11:09,4.3,45.6,7993,2,22.8,765.1,9.3,8.8,4,5.1,
CLBCE,38,20150529,11:09,4.3,45.6,7993,3,20.2,811.3,6.3,8.3,5.2,5.1,
CLBCE,38,20150529,11:09,4.3,45.6,7993,4,18.3,837.7,2.3,7.7,4.8,5.1,4
CLBCE,39,20150529,12:12,3.4,38.4,9894,0,24.4,811.5,10,8.8,3.8,6.1,
CLBCE,39,20150529,12:12,3.4,38.4,9894,1,24.2,812.5,10.1,8.8,3.8,6.1,
CLBCE,39,20150529,12:12,3.4,38.4,9894,2,22.9,826.8,9.3,8.7,5.2,6.1,
CLBCE,39,20150529,12:12,3.4,38.4,9894,3,21.1,867,4.9,8,7.5,6.1,
CLBCE,40,20150529,9:29,2.5,36.0,7814,0,23,651.2,8.9,8.7,5.6,3.4,
CLBCE,40,20150529,9:29,2.5,36.0,7814,1,22.9,652.2,8.9,8.7,5.7,3.4,
CLBCE,40,20150529,9:29,2.5,36.0,7814,2,22,662.3,7.4,8.5,8.3,3.4,
CLBOH,1,20150526,15:35,7.4,62,1740,0,23.631,615.7,9.49,8.83,1.90,9.5,
CLBOH,1,20150526,15:35,7.4,62,1740,1,22.466,616.6,9.75,8.87,2.44,9.5,
CLBOH,1,20150526,15:35,7.4,62,1740,2,21.621,612.9,10.16,8.91,2.26,9.5,
CLBOH,1,20150526,15:35,7.4,62,1740,3,20.195,597.7,10.68,8.97,2.35,9.5,
CLBOH,1,20150526,15:35,7.4,62,1740,4,18.267,572.0,10.52,8.91,2.66,9.5,
CLBOH,1,20150526,15:35,7.4,62,1740,5,14.577,606.3,5.74,8.01,2.70,9.5,
CLBOH,1,20150526,15:35,7.4,62,1740,6,13.601,622.3,2.44,7.78,2.70,9.5,6
CLBOH,1,20150526,15:35,7.4,62,1740,7,12.500,669.4,0.48,7.56,2.28,9.5,
CLBOH,2,20150527,12:51,5.1,52,5130,0,22.684,751.2,8.72,8.74,3.11,6.8,
CLBOH,2,20150527,12:51,5.1,52,5130,1,22.429,746.9,8.95,8.78,3.27,6.8,
CLBOH,2,20150527,12:51,5.1,52,5130,2,21.882,743.3,8.73,8.72,3.10,6.8,
CLBOH,2,20150527,12:51,5.1,52,5130,3,19.280,702.8,7.96,8.53,3.72,6.8,
CLBOH,2,20150527,12:51,5.1,52,5130,4,18.457,877.6,3.56,7.78,5.46,6.8,4
CLBOH,2,20150527,12:51,5.1,52,5130,5,16.730,836.0,1.14,7.58,5.06,6.8,
CLBOH,3,20150527,12:20,5.6,46,7068,0,22.505,766.2,8.69,8.72,3.53,6.3,
CLBOH,3,20150527,12:20,5.6,46,7068,1,22.303,720.9,8.92,8.73,3.53,6.3,
CLBOH,3,20150527,12:20,5.6,46,7068,2,21.334,713.5,8.79,8.71,3.82,6.3,
CLBOH,3,20150527,12:20,5.6,46,7068,3,19.507,679.4,8.48,8.65,3.86,6.3,
CLBOH,3,20150527,12:20,5.6,46,7068,4,18.289,759.1,5.45,7.99,4.24,6.3,
CLBOH,3,20150527,12:20,5.6,46,7068,5,16.037,820.2,1.91,7.63,3.98,6.3,5
CLBOH,4,20150527,13:38,3.8,45,9534,0,22.863,802.3,8.89,8.70,3.92,7.6,
CLBOH,4,20150527,13:38,3.8,45,9534,1,22.802,801.6,9.06,8.70,3.94,7.6,
CLBOH,4,20150527,13:38,3.8,45,9534,2,22.790,801.6,9.10,8.70,3.90,7.6,
CLBOH,4,20150527,13:38,3.8,45,9534,3,22.550,799.9,9.00,8.69,4.25,7.6,
CLBOH,5,20150526,16:36,6.8,54,2988,0,23.298,633.6,9.44,8.85,2.66,10.5,
CLBOH,5,20150526,16:36,6.8,54,2988,1,22.944,633.1,9.77,8.86,2.87,10.5,
CLBOH,5,20150526,16:36,6.8,54,2988,2,22.581,628.5,9.62,8.83,4.54,10.5,
CLBOH,5,20150526,16:36,6.8,54,2988,3,20.360,602.6,10.32,8.97,3.05,10.5,
CLBOH,5,20150526,16:36,6.8,54,2988,4,17.481,597.6,8.96,8.69,3.07,10.5,
CLBOH,5,20150526,16:36,6.8,54,2988,5,14.536,627.9,4.71,7.91,2.75,10.5,
CLBOH,5,20150526,16:36,6.8,54,2988,6,13.367,673.0,1.51,7.69,3.13,10.5,6
CLBOH,5,20150526,16:36,6.8,54,2988,7,12.576,733.8,0.27,7.48,3.14,10.5,
CLBOH,6,20150526,17:57,2.8,38,6669,0,22.959,661.8,9.34,8.76,5.54,11.9,
CLBOH,6,20150526,17:57,2.8,38,6669,1,22.529,665.7,9.44,8.77,4.75,11.9,
CLBOH,6,20150526,17:57,2.8,38,6669,2,22.401,665.9,9.35,8.76,4.29,11.9,
CLBOH,7,20150527,13:05,4.5,42,8430,0,22.321,790.2,9.01,8.70,4.04,7.0,
CLBOH,7,20150527,13:05,4.5,42,8430,1,21.313,746.8,8.80,8.66,4.47,7.0,
CLBOH,7,20150527,13:05,4.5,42,8430,2,20.316,740.7,8.55,8.65,3.73,7.0,
CLBOH,7,20150527,13:05,4.5,42,8430,3,19.328,755.5,7.50,8.42,4.00,7.0,
CLBOH,7,20150527,13:05,4.5,42,8430,4,18.500,872.9,2.30,7.72,6.73,7.0,4
CLBOH,8,20150527,13:22,4.1,35,9024,0,22.323,839.8,8.13,8.56,5.27,7.3,
CLBOH,8,20150527,13:22,4.1,35,9024,1,21.575,845.8,7.77,8.49,5.91,7.3,
CLBOH,8,20150527,13:22,4.1,35,9024,2,20.895,871.1,6.28,8.18,6.74,7.3,
CLBOH,8,20150527,13:22,4.1,35,9024,3,20.447,957.4,4.65,7.95,9.27,7.3,
CLBOH,8,20150527,13:22,4.1,35,9024,4,19.327,974.1,2.35,7.70,9.45,7.3,4
CLBOH,9,20150526,14:37,9.4,58,381,0,23.260,586.5,10.12,8.89,1.99,8.6,
CLBOH,9,20150526,14:37,9.4,58,381,1,21.985,582.8,10.47,8.94,2.22,8.6,
CLBOH,9,20150526,14:37,9.4,58,381,2,22.029,580.0,10.68,8.97,2.46,8.6,
CLBOH,9,20150526,14:37,9.4,58,381,3,19.408,568.7,11.28,9.04,2.58,8.6,
CLBOH,9,20150526,14:37,9.4,58,381,4,17.536,570.6,9.84,8.75,3.03,8.6,
CLBOH,9,20150526,14:37,9.4,58,381,5,15.581,583.3,7.65,8.36,3.17,8.6,
CLBOH,9,20150526,14:37,9.4,58,381,6,13.263,598.6,2.85,7.76,3.16,8.6,6
CLBOH,9,20150526,14:37,9.4,58,381,7,12.113,648.6,0.47,7.58,1.84,8.6,
CLBOH,9,20150526,14:37,9.4,58,381,8,11.698,662.4,0.13,7.50,2.10,8.6,
CLBOH,9,20150526,14:37,9.4,58,381,9,10.828,738.0,0.01,7.39,2.33,8.6,
CLBOH,10,20150527,12:31,5.2,50,7364,0,22.716,718.6,8.13,8.75,3.30,6.5,
CLBOH,10,20150527,12:31,5.2,50,7364,1,22.064,719.6,9.09,8.76,3.44,6.5,
CLBOH,10,20150527,12:31,5.2,50,7364,2,20.947,704.4,9.04,8.75,3.55,6.5,
CLBOH,10,20150527,12:31,5.2,50,7364,3,19.555,692.8,8.34,8.61,3.71,6.5,
CLBOH,10,20150527,12:31,5.2,50,7364,4,18.000,821.2,3.98,7.82,4.89,6.5,4
CLBOH,10,20150527,12:31,5.2,50,7364,5,16.583,820.0,1.22,7.59,4.95,6.5,
CLBOH,11,20150526,16:15,7.8,55,2733,0,23.567,630.1,9.49,8.86,2.40,10.2,
CLBOH,11,20150526,16:15,7.8,55,2733,1,23.159,629.3,9.66,8.86,2.73,10.2,
CLBOH,11,20150526,16:15,7.8,55,2733,2,22.811,629.8,9.71,8.86,2.57,10.2,
CLBOH,11,20150526,16:15,7.8,55,2733,3,20.904,614.7,10.32,8.94,2.51,10.2,
CLBOH,11,20150526,16:15,7.8,55,2733,4,17.410,598.1,8.76,8.69,3.04,10.2,
CLBOH,11,20150526,16:15,7.8,55,2733,5,15.014,635.5,4.07,7.93,3.47,10.2,
CLBOH,11,20150526,16:15,7.8,55,2733,6,13.178,691.4,1.13,7.67,2.63,10.2,6
CLBOH,11,20150526,16:15,7.8,55,2733,7,12.463,729.9,0.28,7.51,2.80,10.2,
CLBOH,11,20150526,16:15,7.8,55,2733,8,12.047,739.5,0.05,7.47,4.60,10.2,
CLBOH,12,20150526,16:03,9.7,54,2287,0,23.719,620.9,9.47,8.85,2.04,10.0,
CLBOH,12,20150526,16:03,9.7,54,2287,1,23.701,621.8,9.65,8.87,2.13,10.0,
CLBOH,12,20150526,16:03,9.7,54,2287,2,23.081,616.6,9.75,8.89,2.12,10.0,
CLBOH,12,20150526,16:03,9.7,54,2287,3,20.325,593.6,10.70,9.02,2.21,10.0,
CLBOH,12,20150526,16:03,9.7,54,2287,4,18.532,575.3,10.64,8.98,2.39,10.0,
CLBOH,12,20150526,16:03,9.7,54,2287,5,14.507,616.0,5.32,7.97,2.92,10.0,
CLBOH,12,20150526,16:03,9.7,54,2287,6,13.276,637.9,1.27,7.68,2.72,10.0,6
CLBOH,12,20150526,16:03,9.7,54,2287,7,12.449,719.0,0.28,7.50,2.53,10.0,
CLBOH,12,20150526,16:03,9.7,54,2287,8,11.875,739.5,0.05,7.45,2.80,10.0,
CLBOH,12,20150526,16:03,9.7,54,2287,9,11.053,772.9,0.04,7.38,3.14,10.0,
CLBOH,13,20150527,13:11,4.2,35,9016,0,22.846,793.3,8.62,8.68,4.76,7.1,
CLBOH,13,20150527,13:11,4.2,35,9016,1,22.814,795.5,8.94,8.69,4.43,7.1,
CLBOH,13,20150527,13:11,4.2,35,9016,2,22.491,802.8,9.04,8.70,4.52,7.1,
CLBOH,13,20150527,13:11,4.2,35,9016,3,19.895,844.8,7.20,8.28,5.20,7.1,
CLBOH,13,20150527,13:11,4.2,35,9016,4,18.498,884.9,2.10,7.67,7.91,7.1,4
CLBOH,14,20150527,12:45,2.3,43,8009,0,22.892,746.9,8.66,8.72,3.09,6.7,
CLBOH,14,20150527,12:45,2.3,43,8009,1,22.840,797.5,8.97,8.73,3.32,6.7,
CLBOH,14,20150527,12:45,2.3,43,8009,2,22.612,747.8,8.11,8.72,7.73,6.7,
CLBOH,15,20150527,13:18,4.1,42,8967,0,22.854,806.1,8.73,8.68,3.80,7.2,
CLBOH,15,20150527,13:18,4.1,42,8967,1,22.770,812.1,8.77,8.67,4.28,7.2,
CLBOH,15,20150527,13:18,4.1,42,8967,2,20.643,821.9,8.38,8.55,4.54,7.2,
CLBOH,15,20150527,13:18,4.1,42,8967,3,19.927,934.0,4.35,7.42,8.69,7.2,
CLBOH,15,20150527,13:18,4.1,42,8967,4,18.646,905.9,1.57,7.62,11.55,7.2,4
CLBOH,16,20150527,13:33,3.8,37,9311,0,22.913,822.3,8.86,8.68,4.78,7.5,
CLBOH,16,20150527,13:33,3.8,37,9311,1,22.885,822.3,8.92,8.67,4.73,7.5,
CLBOH,16,20150527,13:33,3.8,37,9311,2,22.091,814.2,8.70,8.64,4.38,7.5,
CLBOH,16,20150527,13:33,3.8,37,9311,3,20.066,950.3,4.53,7.85,14.43,7.5,
CLBOH,17,20150526,16:47,8.8,57,3440,0,22.839,629.7,9.44,8.86,2.48,10.7,
CLBOH,17,20150526,16:47,8.8,57,3440,1,22.409,631.8,9.89,8.87,2.60,10.7,
CLBOH,17,20150526,16:47,8.8,57,3440,2,22.159,628.6,9.94,8.88,2.52,10.7,
CLBOH,17,20150526,16:47,8.8,57,3440,3,19.809,591.9,10.65,8.99,2.78,10.7,
CLBOH,17,20150526,16:47,8.8,57,3440,4,16.954,584.5,9.38,8.71,2.65,10.7,
CLBOH,17,20150526,16:47,8.8,57,3440,5,14.620,649.2,3.67,7.85,2.61,10.7,5
CLBOH,17,20150526,16:47,8.8,57,3440,6,13.496,662.9,0.63,7.60,3.05,10.7,
CLBOH,17,20150526,16:47,8.8,57,3440,7,12.883,720.6,0.15,7.48,3.02,10.7,
CLBOH,17,20150526,16:47,8.8,57,3440,8,12.103,745.7,0.03,7.45,5.94,10.7,
CLBOH,18,20150526,17:40,6.4,43,5839,0,22.463,687.0,9.66,8.81,3.33,11.6,
CLBOH,18,20150526,17:40,6.4,43,5839,1,22.339,690.5,9.70,8.81,3.35,11.6,
CLBOH,18,20150526,17:40,6.4,43,5839,2,22.256,693.3,9.63,8.80,3.39,11.6,
CLBOH,18,20150526,17:40,6.4,43,5839,3,19.596,622.3,10.26,8.93,3.30,11.6,
CLBOH,18,20150526,17:40,6.4,43,5839,4,18.567,642.3,8.44,8.62,3.88,11.6,
CLBOH,18,20150526,17:40,6.4,43,5839,5,16.866,711.1,4.61,7.92,3.60,11.6,
CLBOH,18,20150526,17:40,6.4,43,5839,6,13.853,761.5,0.55,7.57,3.54,11.6,6
CLBOH,19,20150527,11:12,3.2,33,10465,0,22.925,921.9,8.87,8.68,5.08,5.1,
CLBOH,19,20150527,11:12,3.2,33,10465,1,22.896,822.1,8.99,8.68,5.02,5.1,
CLBOH,19,20150527,11:12,3.2,33,10465,2,22.628,835.2,8.73,8.61,6.17,5.1,
CLBOH,19,20150527,11:12,3.2,33,10465,3,21.593,996.2,4.30,7.87,27.93,5.1,
CLBOH,20,20150527,10:57,2.3,38,11212,0,23.644,952.1,9.29,8.61,5.45,4.9,
CLBOH,20,20150527,10:57,2.3,38,11212,1,23.453,950.7,9.49,8.57,6.28,4.9,
CLBOH,20,20150527,10:57,2.3,38,11212,2,22.028,1208.0,4.42,7.80,21.73,4.9,
CLBOH,21,20150526,17:00,7.4,54,4255,0,22.886,639.3,9.75,8.86,2.52,10.9,
CLBOH,21,20150526,17:00,7.4,54,4255,1,22.071,634.4,9.96,8.89,2.68,10.9,
CLBOH,21,20150526,17:00,7.4,54,4255,2,20.755,613.5,10.50,8.90,2.62,10.9,
CLBOH,21,20150526,17:00,7.4,54,4255,3,19.595,594.7,10.90,9.02,2.62,10.9,
CLBOH,21,20150526,17:00,7.4,54,4255,4,18.157,585.2,10.32,8.93,2.65,10.9,
CLBOH,21,20150526,17:00,7.4,54,4255,5,15.507,685.7,3.10,7.91,3.10,10.9,5
CLBOH,21,20150526,17:00,7.4,54,4255,6,14.276,715.5,0.48,7.62,3.45,10.9,
CLBOH,21,20150526,17:00,7.4,54,4255,7,12.686,741.4,0.14,7.50,3.36,10.9,
CLBOH,22,20150526,17:21,7.5,47,7739,0,23.396,667.5,9.59,8.79,2.91,11.3,
CLBOH,22,20150526,17:21,7.5,47,7739,1,23.415,681.2,9.58,8.80,2.87,11.3,
CLBOH,22,20150526,17:21,7.5,47,7739,2,20.760,641.2,10.50,8.94,3.26,11.3,
CLBOH,22,20150526,17:21,7.5,47,7739,3,19.230,600.6,10.74,9.00,2.89,11.3,
CLBOH,22,20150526,17:21,7.5,47,7739,4,17.717,637.9,7.93,8.43,3.42,11.3,
CLBOH,22,20150526,17:21,7.5,47,7739,5,16.324,687.6,3.70,7.90,3.67,11.3,5
CLBOH,22,20150526,17:21,7.5,47,7739,6,13.705,710.1,0.79,7.58,2.74,11.3,
CLBOH,22,20150526,17:21,7.5,47,7739,7,13.009,743.2,0.11,7.47,3.44,11.3,
CLBOH,23,20150527,11:24,3.4,34,10143,0,22.892,828.0,8.79,8.65,5.98,5.3,
CLBOH,23,20150527,11:24,3.4,34,10143,1,22.822,829.4,8.78,8.64,5.83,5.3,
CLBOH,23,20150527,11:24,3.4,34,10143,2,22.475,857.2,8.12,8.48,6.77,5.3,
CLBOH,23,20150527,11:24,3.4,34,10143,3,21.906,938.2,6.39,8.17,12.06,5.3,
CLBOH,24,20150526,17:49,5.4,43,6375,0,22.853,675.5,9.46,8.78,3.95,11.8,
CLBOH,24,20150526,17:49,5.4,43,6375,1,22.303,689.9,9.56,8.80,3.58,11.8,
CLBOH,24,20150526,17:49,5.4,43,6375,2,22.057,682.3,9.37,8.77,3.95,11.8,
CLBOH,24,20150526,17:49,5.4,43,6375,3,21.987,679.4,9.37,8.77,4.04,11.8,
CLBOH,24,20150526,17:49,5.4,43,6375,4,17.021,723.5,3.36,7.83,4.92,11.8,4
CLBOH,24,20150526,17:49,5.4,43,6375,5,15.916,748.3,1.10,7.62,4.39,11.8,
CLBOH,25,20150526,15:43,8.4,61,1858,0,23.175,609.8,9.60,8.87,2.06,9.7,
CLBOH,25,20150526,15:43,8.4,61,1858,1,22.961,610.2,9.85,8.87,2.14,9.7,
CLBOH,25,20150526,15:43,8.4,61,1858,2,21.951,613.4,10.15,8.90,2.42,9.7,
CLBOH,25,20150526,15:43,8.4,61,1858,3,20.119,593.4,10.80,8.99,2.33,9.7,
CLBOH,25,20150526,15:43,8.4,61,1858,4,17.733,569.4,9.84,8.82,2.73,9.7,
CLBOH,25,20150526,15:43,8.4,61,1858,5,15.155,608.7,6.35,8.10,2.70,9.7,
CLBOH,25,20150526,15:43,8.4,61,1858,6,13.336,625.8,1.88,7.66,2.78,9.7,6
CLBOH,25,20150526,15:43,8.4,61,1858,7,12.607,635.1,0.47,7.89,2.16,9.7,
CLBOH,25,20150526,15:43,8.4,61,1858,8,12.020,728.8,0.08,7.44,2.29,9.7,
CLBOH,26,20150526,17:31,4.8,47,5691,0,23.195,678.5,9.37,8.80,3.13,11.5,
CLBOH,26,20150526,17:31,4.8,47,5691,1,23.090,680.7,9.56,8.81,3.72,11.5,
CLBOH,26,20150526,17:31,4.8,47,5691,2,21.454,670.3,9.75,8.83,3.29,11.5,
CLBOH,26,20150526,17:31,4.8,47,5691,3,19.613,634.3,9.98,8.89,3.11,11.5,
CLBOH,26,20150526,17:31,4.8,47,5691,4,18.006,644.0,7.56,8.50,3.50,11.5,
CLBOH,26,20150526,17:31,4.8,47,5691,5,16.791,719.4,3.75,7.86,3.75,11.5,5
CLBOH,27,20150527,12:27,2.7,48,7169,0,22.656,722.9,8.85,8.75,3.07,6.4,
CLBOH,27,20150527,12:27,2.7,48,7169,1,22.571,724.3,9.07,8.76,3.60,6.4,
CLBOH,27,20150527,12:27,2.7,48,7169,2,20.612,698.5,8.98,8.74,3.43,6.4,
CLBOH,28,20150526,15:52,8.7,54,1922,0,23.462,619.0,9.75,8.86,2.25,9.8,
CLBOH,28,20150526,15:52,8.7,54,1922,1,22.841,616.2,9.90,8.88,2.17,9.8,
CLBOH,28,20150526,15:52,8.7,54,1922,2,22.586,615.3,9.96,8.89,2.22,9.8,
CLBOH,28,20150526,15:52,8.7,54,1922,3,21.049,613.2,10.51,8.94,2.39,9.8,
CLBOH,28,20150526,15:52,8.7,54,1922,4,17.690,573.2,9.79,8.23,3.16,9.8,
CLBOH,28,20150526,15:52,8.7,54,1922,5,14.699,632.1,4.32,7.92,2.62,9.8,
CLBOH,28,20150526,15:52,8.7,54,1922,6,13.207,671.8,0.90,7.67,2.78,9.8,6
CLBOH,28,20150526,15:52,8.7,54,1922,7,12.561,707.8,0.21,7.50,2.32,9.8,
CLBOH,28,20150526,15:52,8.7,54,1922,8,11.810,741.0,0.04,7.41,2.74,9.8,
CLBOH,29,20150526,14:49,9.6,52,875,0,22.914,594.7,9.98,8.93,2.24,8.8,
CLBOH,29,20150526,14:49,9.6,52,875,1,22.483,587.3,10.23,8.95,2.36,8.8,
CLBOH,29,20150526,14:49,9.6,52,875,2,21.379,578.2,10.71,9.00,2.53,8.8,
CLBOH,29,20150526,14:49,9.6,52,875,3,19.121,569.4,10.97,9.01,2.86,8.8,
CLBOH,29,20150526,14:49,9.6,52,875,4,17.626,568.3,9.44,8.77,3.39,8.8,
CLBOH,29,20150526,14:49,9.6,52,875,5,15.370,585.8,7.54,8.36,3.13,8.8,
CLBOH,29,20150526,14:49,9.6,52,875,6,13.149,601.3,3.08,7.80,2.78,8.8,6
CLBOH,29,20150526,14:49,9.6,52,875,7,12.510,642.5,0.65,7.60,2.14,8.8,
CLBOH,29,20150526,14:49,9.6,52,875,8,12.059,712.8,0.15,7.49,2.15,8.8,
CLBOH,29,20150526,14:49,9.6,52,875,9,10.989,754.5,0.01,7.39,2.28,8.8,
CLBOH,30,20150527,12:40,5.5,63,7813,0,22.584,747.4,8.66,8.75,3.47,6.6,
CLBOH,30,20150527,12:40,5.5,63,7813,1,22.624,747.1,8.92,8.75,3.41,6.6,
CLBOH,30,20150527,12:40,5.5,63,7813,2,22.538,746.5,8.96,8.75,3.39,6.6,
CLBOH,30,20150527,12:40,5.5,63,7813,3,21.558,758.0,8.68,8.70,3.49,6.6,
CLBOH,30,20150527,12:40,5.5,63,7813,4,18.460,757.4,5.81,7.98,3.67,6.6,
CLBOH,30,20150527,12:40,5.5,63,7813,5,16.034,843.1,1.15,7.64,4.11,6.6,5
CLBOH,31,20150527,13:28,4.1,35,9109,0,22.776,839.9,8.37,8.60,5.86,7.4,
CLBOH,31,20150527,13:28,4.1,35,9109,1,22.956,828.5,8.63,8.64,5.16,7.4,
CLBOH,31,20150527,13:28,4.1,35,9109,2,22.083,878.8,7.34,8.34,9.50,7.4,
CLBOH,31,20150527,13:28,4.1,35,9109,3,20.590,1021.9,2.96,7.74,14.73,7.4,3
CLBOH,31,20150527,13:28,4.1,35,9109,4,19.730,1025.1,1.78,7.66,14.43,7.4,
CLBOH,32,20150527,11:18,3.1,43,10384,0,22.742,818.6,8.67,8.65,4.98,5.2,
CLBOH,32,20150527,11:18,3.1,43,10384,1,22.687,817.1,8.77,8.65,5.03,5.2,
CLBOH,32,20150527,11:18,3.1,43,10384,2,22.466,817.7,8.73,8.64,4.84,5.2,
CLBOH,32,20150527,11:18,3.1,43,10384,3,22.411,829.9,8.28,8.60,7.69,5.2,
CLBOH,33,20150526,15:19,8.9,56,1391,0,22.556,599.8,9.87,8.89,2.21,9.3,
CLBOH,33,20150526,15:19,8.9,56,1391,1,21.873,585.8,10.53,8.91,2.28,9.3,
CLBOH,33,20150526,15:19,8.9,56,1391,2,21.478,579.8,10.77,8.99,2.43,9.3,
CLBOH,33,20150526,15:19,8.9,56,1391,3,20.507,584.9,11.09,9.01,2.34,9.3,
CLBOH,33,20150526,15:19,8.9,56,1391,4,18.006,568.6,10.25,8.85,3.06,9.3,
CLBOH,33,20150526,15:19,8.9,56,1391,5,15.271,598.7,7.06,8.25,2.66,9.3,
CLBOH,33,20150526,15:19,8.9,56,1391,6,13.280,512.7,2.30,7.70,2.79,9.3,6
CLBOH,33,20150526,15:19,8.9,56,1391,7,12.885,669.3,0.69,7.35,2.25,9.3,
CLBOH,33,20150526,15:19,8.9,56,1391,8,11.993,729.6,0.14,7.45,2.47,9.3,
CLBOH,33,20150526,15:19,8.9,56,1391,9,10.789,774.7,0.02,7.37,3.13,9.3,
CLBOH,34,20150526,18:10,5.6,43,6446,0,22.831,725.8,9.37,8.77,3.82,12.1,
CLBOH,34,20150526,18:10,5.6,43,6446,1,22.723,722.8,9.48,8.77,3.42,12.1,
CLBOH,34,20150526,18:10,5.6,43,6446,2,22.528,718.4,9.51,8.79,3.43,12.1,
CLBOH,34,20150526,18:10,5.6,43,6446,3,20.779,665.4,9.65,8.82,3.55,12.1,
CLBOH,34,20150526,18:10,5.6,43,6446,4,17.571,700.7,5.39,8.06,4.11,12.1,
CLBOH,34,20150526,18:10,5.6,43,6446,5,15.846,752.2,1.34,7.70,4.71,12.1,5
CLBOH,34,20150527,12:15,6.2,45,6446,0,23.008,713.0,8.59,8.73,3.28,6.2,
CLBOH,34,20150527,12:15,6.2,45,6446,1,22.661,704.4,8.87,8.73,3.48,6.2,
CLBOH,34,20150527,12:15,6.2,45,6446,2,21.876,686.5,9.08,8.76,3.13,6.2,
CLBOH,34,20150527,12:15,6.2,45,6446,3,19.440,629.5,8.61,8.67,3.70,6.2,
CLBOH,34,20150527,12:15,6.2,45,6446,4,18.156,765.7,5.43,7.97,4.69,6.2,
CLBOH,34,20150527,12:15,6.2,45,6446,5,16.152,756.2,1.42,7.68,4.32,6.2,5
CLBOH,34,20150527,12:15,6.2,45,6446,6,14.351,801.6,0.35,7.48,5.54,6.2,6
CLBOH,35,20150527,11:07,3.1,35,10784,0,22.829,828.3,8.65,8.67,5.19,5.1,
CLBOH,35,20150527,11:07,3.1,35,10784,1,22.783,827.6,8.84,5.66,5.34,5.1,
CLBOH,35,20150527,11:07,3.1,35,10784,2,22.770,827.9,8.83,8.66,5.35,5.1,
CLBOH,35,20150527,11:07,3.1,35,10784,3,22.277,868.9,6.76,8.10,29.58,5.1,
CLBOH,36,20150526,16:29,7.8,51,2888,0,23.579,628.9,9.42,8.84,2.35,10.4,
CLBOH,36,20150526,16:29,7.8,51,2888,1,22.647,628.8,9.75,8.88,2.55,10.4,
CLBOH,36,20150526,16:29,7.8,51,2888,2,22.230,627.6,9.87,8.88,2.52,10.4,
CLBOH,36,20150526,16:29,7.8,51,2888,3,20.108,595.0,10.52,9.02,2.41,10.4,
CLBOH,36,20150526,16:29,7.8,51,2888,4,17.354,587.6,9.61,8.77,2.65,10.4,
CLBOH,36,20150526,16:29,7.8,51,2888,5,14.607,628.6,4.15,7.92,2.47,10.4,
CLBOH,36,20150526,16:29,7.8,51,2888,6,12.935,683.0,0.73,7.61,2.54,10.4,6
CLBOH,36,20150526,16:29,7.8,51,2888,7,12.624,726.6,0.16,7.48,2.52,10.4,
CLBOH,36,20150526,16:29,7.8,51,2888,8,11.946,748.4,0.03,7.44,8.96,10.4,
CLBOH,37,20150526,17:11,6.7,48,4837,0,23.935,669.7,9.48,8.80,2.60,11.1,
CLBOH,37,20150526,17:11,6.7,48,4837,1,23.184,660.0,9.59,8.81,3.04,11.1,
CLBOH,37,20150526,17:11,6.7,48,4837,2,21.830,660.9,9.77,8.83,3.65,11.1,
CLBOH,37,20150526,17:11,6.7,48,4837,3,19.522,608.2,10.50,8.99,3.18,11.1,
CLBOH,37,20150526,17:11,6.7,48,4837,4,17.818,625.5,8.25,8.61,3.17,11.1,
CLBOH,37,20150526,17:11,6.7,48,4837,5,15.906,731.8,2.22,7.81,3.83,11.1,5
CLBOH,37,20150526,17:11,6.7,48,4837,6,14.343,753.8,0.51,7.56,3.44,11.1,
CLBOH,37,20150526,17:11,6.7,48,4837,7,13.123,745.9,0.12,7.49,12.44,11.1,
CLBOH,38,20150527,13:00,4.5,44,7993,0,22.956,778.4,8.51,8.73,3.40,6.9,
CLBOH,38,20150527,13:00,4.5,44,7993,1,22.810,777.3,8.99,8.73,4.19,6.9,
CLBOH,38,20150527,13:00,4.5,44,7993,2,20.372,772.8,8.37,8.58,4.43,6.9,
CLBOH,38,20150527,13:00,4.5,44,7993,3,19.468,829.7,6.38,8.20,4.56,6.9,
CLBOH,38,20150527,13:00,4.5,44,7993,4,18.816,890.6,3.02,7.82,6.45,6.9,4
CLBOH,39,20150527,11:28,3.6,37,9894,0,22.881,827.3,8.91,8.67,5.16,5.4,
CLBOH,39,20150527,11:28,3.6,37,9894,1,22.735,819.9,8.92,8.67,5.06,5.4,
CLBOH,39,20150527,11:28,3.6,37,9894,2,22.184,809.3,8.82,8.66,4.29,5.4,
CLBOH,39,20150527,11:28,3.6,37,9894,3,22.239,902.8,7.11,8.10,9.60,5.4,
CLBOH,40,20150526,18:03,2.6,30,7814,0,23.547,639.6,9.09,8.69,6.43,12.0,
CLBOH,40,20150526,18:03,2.6,30,7814,1,23.217,647.0,9.26,8.70,6.46,12.0,
CLBOH,40,20150526,18:03,2.6,30,7814,2,23.066,645.9,9.14,8.68,7.46,12.0,
TAL,41,20150527,18:13,3.5,28.8,5194,0,22.6,566.6,8.6,8.5,7.5,12.2,
TAL,41,20150527,18:13,3.5,28.8,5194,1,22.0,563.3,8.7,8.5,7.0,12.2,
TAL,41,20150527,18:13,3.5,28.8,5194,2,20.1,552.2,9.0,8.6,5.0,12.2,
TAL,41,20150527,18:13,3.5,28.8,5194,3,19.1,553.4,7.0,8.2,7.0,12.2,
TAL,42,20150528,12:14,1.9,26.4,12473,0,24.7,902.8,10.7,8.6,8.3,6.2,
TAL,42,20150528,12:14,1.9,26.4,12473,1,24.1,901.3,9.7,8.5,9.3,6.2,
TAL,42,20150528,12:14,1.9,26.4,12473,2,21.7,961.9,2.4,7.6,25.1,6.2,2
TAL,43,20150527,16:55,6.4,40.8,3413,0,22.5,555.2,9.1,8.6,3.4,10.9,
TAL,43,20150527,16:55,6.4,40.8,3413,1,22.2,553.9,9.1,8.6,3.8,10.9,
TAL,43,20150527,16:55,6.4,40.8,3413,2,20.4,547.5,9.1,8.6,4.1,10.9,
TAL,43,20150527,16:55,6.4,40.8,3413,3,19.6,545.1,9.0,8.6,3.7,10.9,
TAL,43,20150527,16:55,6.4,40.8,3413,4,17.1,542.3,7.1,8.2,4.4,10.9,
TAL,43,20150527,16:55,6.4,40.8,3413,5,14.1,544.1,0.9,7.5,7.9,10.9,5
TAL,43,20150527,16:55,6.4,40.8,3413,6,12.5,544.4,0.1,7.4,7.6,10.9,
TAL,44,20150527,15:34,5.8,50.4,2047,0,23.0,554.7,8.7,8.5,2.9,9.5,
TAL,44,20150527,15:34,5.8,50.4,2047,1,23.0,554.7,8.8,8.5,3.1,9.5,
TAL,44,20150527,15:34,5.8,50.4,2047,2,23.0,554.7,8.8,8.5,3.1,9.5,
TAL,44,20150527,15:34,5.8,50.4,2047,3,22.8,555.0,8.7,8.5,3.1,9.5,
TAL,44,20150527,15:34,5.8,50.4,2047,4,17.4,539.8,7.7,8.4,5.0,9.5,
TAL,44,20150527,15:34,5.8,50.4,2047,5,13.9,542.1,1.1,7.4,5.9,9.5,5
TAL,44,20150527,15:34,5.8,50.4,2047,6,13.0,543.2,0.0,7.4,7.7,9.5,
TAL,45,20150528,9:59,4.9,45.6,6949,0,22.5,611.4,8.6,8.5,3.6,3.9,
TAL,45,20150528,9:59,4.9,45.6,6949,1,22.5,611.6,8.7,8.5,4.1,3.9,
TAL,45,20150528,9:59,4.9,45.6,6949,2,22.4,612.7,8.6,8.5,3.7,3.9,
TAL,45,20150528,9:59,4.9,45.6,6949,3,20.7,612.8,7.1,8.2,4.7,3.9,
TAL,45,20150528,9:59,4.9,45.6,6949,4,17.9,577.5,3.5,7.6,7.7,3.9,4
TAL,45,20150528,9:59,4.9,45.6,6949,5,16.0,559.8,0.4,7.4,14.1,3.9,
TAL,46,20150528,12:20,2.3,30.0,11683,0,23.7,702.8,9.5,8.6,5.4,6.3,
TAL,46,20150528,12:20,2.3,30.0,11683,1,23.4,702.1,7.6,8.6,6.7,6.3,
TAL,46,20150528,12:20,2.3,30.0,11683,2,22.7,770.6,7.6,8.2,9.9,6.3,
TAL,47,20150527,16:29,6.5,48.0,3063,0,22.8,556.7,8.9,8.7,3.6,10.4,
TAL,47,20150527,16:29,6.5,48.0,3063,1,22.3,557.8,9.1,8.6,4.0,10.4,
TAL,47,20150527,16:29,6.5,48.0,3063,2,21.4,554.3,9.2,8.6,3.5,10.4,
TAL,47,20150527,16:29,6.5,48.0,3063,3,19.5,545.1,9.1,8.6,3.7,10.4,
TAL,47,20150527,16:29,6.5,48.0,3063,4,16.9,544.3,6.1,8.0,5.1,10.4,
TAL,47,20150527,16:29,6.5,48.0,3063,5,14.4,542.6,1.3,7.5,6.3,10.4,5
TAL,47,20150527,16:29,6.5,48.0,3063,6,12.8,545.7,0.1,7.4,7.6,10.4,
TAL,48,20150527,16:09,6.7,48.0,2170,0,23.4,553.4,8.8,8.6,3.2,10.1,
TAL,48,20150527,16:09,6.7,48.0,2170,1,22.8,554.6,8.9,8.6,3.4,10.1,
TAL,48,20150527,16:09,6.7,48.0,2170,2,21.5,554.3,8.9,8.6,3.8,10.1,
TAL,48,20150527,16:09,6.7,48.0,2170,3,20.8,551.5,9.1,8.6,4.3,10.1,
TAL,48,20150527,16:09,6.7,48.0,2170,4,17.2,542.0,7.5,8.3,4.9,10.1,
TAL,48,20150527,16:09,6.7,48.0,2170,5,14.3,538.5,3.1,7.5,7.2,10.1,5
TAL,48,20150527,16:09,6.7,48.0,2170,6,13.0,539.4,0.4,7.4,6.0,10.1,
TAL,48,20150527,16:09,6.7,48.0,2170,7,12.2,542.9,0.0,7.4,9.5,10.1,
TAL,49,20150528,10:43,4.1,45.6,8586,0,22.7,617.6,8.8,8.5,3.7,4.7,
TAL,49,20150528,10:43,4.1,45.6,8586,1,22.7,617.3,8.8,8.5,4.1,4.7,
TAL,49,20150528,10:43,4.1,45.6,8586,2,21.8,622.6,7.6,8.3,4.4,4.7,
TAL,49,20150528,10:43,4.1,45.6,8586,3,20.7,627.4,6.0,8.0,5.4,4.7,
TAL,49,20150528,10:43,4.1,45.6,8586,4,18.3,615.0,1.8,7.6,8.9,4.7,4
TAL,50,20150528,11:46,2.8,26.4,8727,0,24.5,843.1,10.3,8.6,6.7,5.7,
TAL,50,20150528,11:46,2.8,26.4,8727,1,23.6,704.9,9.3,8.5,6.5,5.7,
TAL,50,20150528,11:46,2.8,26.4,8727,2,21.6,950.6,2.4,7.6,22.1,5.7,2
TAL,50,20150528,11:46,2.8,26.4,8727,3,20.8,946.8,0.6,7.5,32.4,5.7,
TAL,51,20150527,18:24,5.5,48.0,4845,0,23.1,566.0,9.0,8.6,3.3,12.3,
TAL,51,20150527,18:24,5.5,48.0,4845,1,22.9,564.2,9.1,8.6,3.7,12.3,
TAL,51,20150527,18:24,5.5,48.0,4845,2,20.4,558.5,9.0,8.6,4.3,12.3,
TAL,51,20150527,18:24,5.5,48.0,4845,3,18.4,552.3,7.6,8.4,5.0,12.3,
TAL,51,20150527,18:24,5.5,48.0,4845,4,17.1,556.1,4.9,7.8,6.0,12.3,
TAL,51,20150527,18:24,5.5,48.0,4845,5,15.4,553.3,0.9,7.4,11.6,12.3,5
TAL,52,20150527,14:57,7.6,52.8,1251,0,23.1,553.4,8.7,8.5,3.1,8.9,
TAL,52,20150527,14:57,7.6,52.8,1251,1,23.1,553.4,8.8,8.5,2.8,8.9,
TAL,52,20150527,14:57,7.6,52.8,1251,2,22.8,553.4,8.8,8.5,3.3,8.9,
TAL,52,20150527,14:57,7.6,52.8,1251,3,22.6,553.1,8.7,8.5,3.0,8.9,
TAL,52,20150527,14:57,7.6,52.8,1251,4,17.3,539.6,8.0,8.5,3.6,8.9,
TAL,52,20150527,14:57,7.6,52.8,1251,5,14.9,543.2,3.7,7.6,6.7,8.9,5
TAL,52,20150527,14:57,7.6,52.8,1251,6,13.2,540.0,1.0,7.4,4.9,8.9,
TAL,52,20150527,14:57,7.6,52.8,1251,7,11.8,545.8,0.0,7.4,7.7,8.9,
TAL,53,20150528,11:07,3.6,39.6,9431,0,23.2,633.0,9.3,8.6,4.3,5.1,
TAL,53,20150528,11:07,3.6,39.6,9431,1,22.9,624.8,8.9,8.6,4.4,5.1,
TAL,53,20150528,11:07,3.6,39.6,9431,2,21.9,719.3,5.7,7.9,8.3,5.1,
TAL,53,20150528,11:07,3.6,39.6,9431,3,19.4,688.2,2.1,7.6,7.1,5.1,3
TAL,54,20150527,14:36,7.7,52.8,1397,0,23.1,553.5,8.7,8.5,2.8,8.5,
TAL,54,20150527,14:36,7.7,52.8,1397,1,23.1,553.5,8.7,8.5,2.7,8.5,
TAL,54,20150527,14:36,7.7,52.8,1397,2,22.9,553.6,8.8,8.5,2.9,8.5,
TAL,54,20150527,14:36,7.7,52.8,1397,3,22.8,553.7,8.7,8.5,3.0,8.5,
TAL,54,20150527,14:36,7.7,52.8,1397,4,17.4,538.2,8.4,8.5,3.5,8.5,
TAL,54,20150527,14:36,7.7,52.8,1397,5,14.7,542.1,2.7,7.5,5.4,8.5,5
TAL,54,20150527,14:36,7.7,52.8,1397,6,12.8,541.7,0.0,7.4,4.9,8.5,
TAL,54,20150527,14:36,7.7,52.8,1397,7,11.4,548.8,0.0,7.5,4.7,8.5,
TAL,55,20150528,8:43,4.2,38.4,3548,0,22.6,433.5,8.1,8.2,5.6,2.7,
TAL,55,20150528,8:43,4.2,38.4,3548,1,22.5,433.4,8.1,8.2,5.6,2.7,
TAL,55,20150528,8:43,4.2,38.4,3548,2,22.5,433.9,8.1,8.2,6.6,2.7,
TAL,55,20150528,8:43,4.2,38.4,3548,3,20.0,446.9,5.8,7.8,7.9,2.7,
TAL,56,20150527,14:19,6.1,52.8,1239,0,23.1,553.4,8.7,8.5,2.9,8.3,
TAL,56,20150527,14:19,6.1,52.8,1239,1,23.1,553.4,8.6,8.5,3.0,8.3,
TAL,56,20150527,14:19,6.1,52.8,1239,2,22.9,553.2,8.6,8.5,2.9,8.3,
TAL,56,20150527,14:19,6.1,52.8,1239,3,22.6,553.8,8.7,8.5,3.3,8.3,
TAL,56,20150527,14:19,6.1,52.8,1239,4,17.7,540.2,8.1,8.5,4.4,8.3,
TAL,56,20150527,14:19,6.1,52.8,1239,5,14.7,543.5,3.6,7.6,6.5,8.3,5
TAL,56,20150527,14:19,6.1,52.8,1239,6,13.5,542.1,0.5,7.3,5.8,8.3,
TAL,57,20150528,9:50,5.2,49.2,6203,0,22.4,587.1,8.6,8.5,3.6,3.8,
TAL,57,20150528,9:50,5.2,49.2,6203,1,22.3,590.9,8.6,8.5,3.7,3.8,
TAL,57,20150528,9:50,5.2,49.2,6203,2,22.2,601.5,8.3,8.4,3.8,3.8,
TAL,57,20150528,9:50,5.2,49.2,6203,3,20.3,575.8,8.0,8.4,3.9,3.8,
TAL,57,20150528,9:50,5.2,49.2,6203,4,18.0,565.8,5.2,7.9,5.5,3.8,
TAL,57,20150528,9:50,5.2,49.2,6203,5,15.4,556.0,0.4,7.5,18.7,3.8,5
TAL,58,20150528,11:34,2.3,36.0,11618,0,23.3,695.5,9.4,8.6,5.6,5.5,
TAL,58,20150528,11:34,2.3,36.0,11618,1,23.0,703.5,9.2,8.6,6.4,5.5,
TAL,58,20150528,11:34,2.3,36.0,11618,2,22.3,805.0,4.1,7.7,18.0,5.5,
TAL,59,20150527,18:39,5.8,39.6,4893,0,23.2,569.0,9.0,8.6,3.4,12.6,
TAL,59,20150527,18:39,5.8,39.6,4893,1,23.2,569.2,9.1,8.6,3.4,12.6,
TAL,59,20150527,18:39,5.8,39.6,4893,2,21.7,566.2,9.1,8.6,5.2,12.6,
TAL,59,20150527,18:39,5.8,39.6,4893,3,18.4,558.2,7.0,8.2,4.9,12.6,
TAL,59,20150527,18:39,5.8,39.6,4893,4,17.2,560.7,4.4,7.8,6.0,12.6,
TAL,59,20150527,18:39,5.8,39.6,4893,5,15.2,552.2,0.3,7.4,18.1,12.6,5
TAL,59,20150527,18:39,5.8,39.6,4893,6,13.5,550.7,0.0,7.4,26.0,12.6,
TAL,60,20150527,15:51,7.0,54.0,2184,0,23.3,543.6,8.8,8.5,3.0,9.8,
TAL,60,20150527,15:51,7.0,54.0,2184,1,23.1,554.0,8.8,8.5,3.0,9.8,
TAL,60,20150527,15:51,7.0,54.0,2184,2,22.4,550.0,8.8,8.5,3.5,9.8,
TAL,60,20150527,15:51,7.0,54.0,2184,3,20.2,548.2,8.9,8.6,3.6,9.8,
TAL,60,20150527,15:51,7.0,54.0,2184,4,17.2,542.4,7.5,8.4,4.7,9.8,
TAL,60,20150527,15:51,7.0,54.0,2184,5,14.9,542.7,3.4,7.6,5.4,9.8,5
TAL,60,20150527,15:51,7.0,54.0,2184,6,12.6,540.5,0.1,7.4,4.5,9.8,
TAL,60,20150527,15:51,7.0,54.0,2184,7,12.1,543.8,0.0,7.4,7.8,9.8,
TAL,61,20150527,17:54,5.7,48.0,3244.0,0,23.4,566.0,8.8,8.5,3.2,11.8,
TAL,61,20150527,17:54,5.7,48.0,3244.0,1,22.9,571.8,9.1,8.6,4.2,11.8,
TAL,61,20150527,17:54,5.7,48.0,3244.0,2,20.5,566.4,9.1,8.6,3.9,11.8,
TAL,61,20150527,17:54,5.7,48.0,3244.0,3,19.1,547.3,8.6,8.6,4.8,11.8,
TAL,61,20150527,17:54,5.7,48.0,3244.0,4,16.4,552.9,3.1,7.6,6.6,11.8,4
TAL,61,20150527,17:54,5.7,48.0,3244.0,5,15.4,553.4,0.8,7.4,11.2,11.8,
TAL,62,20150528,8:54,2.3,38.4,4196,0,22.6,433.5,8.2,8.2,6.2,2.8,
TAL,62,20150528,8:54,2.3,38.4,4196,1,22.6,433.7,8.2,8.2,5.9,2.8,
TAL,62,20150528,8:54,2.3,38.4,4196,2,22.5,433.6,8.1,8.2,8.7,2.8,
TAL,63,20150528,9:05,3.3,38.4,4286,0,22.5,433.4,8.1,8.2,6.9,3.0,
TAL,63,20150528,9:05,3.3,38.4,4286,1,22.4,435.2,7.9,8.1,6.4,3.0,
TAL,63,20150528,9:05,3.3,38.4,4286,2,22.2,437.9,7.7,8.1,6.1,3.0,
TAL,63,20150528,9:05,3.3,38.4,4286,3,20.7,441.9,5.4,7.7,8.1,3.0,
TAL,64,20150527,13:13,7.8,49.2,556,0,22.6,554.1,8.7,8.5,3.1,7.2,
TAL,64,20150527,13:13,7.8,49.2,556,1,22.6,554.0,8.7,8.5,3.5,7.2,
TAL,64,20150527,13:13,7.8,49.2,556,2,21.9,553.8,8.6,8.5,3.4,7.2,
TAL,64,20150527,13:13,7.8,49.2,556,3,21.3,552.7,8.4,8.5,3.7,7.2,
TAL,64,20150527,13:13,7.8,49.2,556,4,16.9,531.7,7.3,8.3,4.2,7.2,
TAL,64,20150527,13:13,7.8,49.2,556,5,14.9,537.5,3.4,7.6,5.8,7.2,5
TAL,64,20150527,13:13,7.8,49.2,556,6,12.9,534.7,1.1,7.3,4.3,7.2,
TAL,64,20150527,13:13,7.8,49.2,556,7,11.9,545.7,0.0,7.4,3.2,7.2,
TAL,65,20150528,10:24,4.7,46.8,7355,0,22.3,611.9,8.8,8.5,3.7,4.3,
TAL,65,20150528,10:24,4.7,46.8,7355,1,22.2,605.8,8.6,8.5,4.1,4.3,
TAL,65,20150528,10:24,4.7,46.8,7355,2,21.8,592.2,8.1,8.4,5.5,4.3,
TAL,65,20150528,10:24,4.7,46.8,7355,3,20.9,609.5,7.4,8.2,4.9,4.3,
TAL,65,20150528,10:24,4.7,46.8,7355,4,17.9,572.0,4.2,7.8,7.2,4.3,
TAL,66,20150527,17:35,6.0,48.0,2355.0,0,22.8,560.0,8.9,8.6,3.2,11.5,
TAL,66,20150527,17:35,6.0,48.0,2355.0,1,22.8,560.2,8.9,8.6,3.9,11.5,
TAL,66,20150527,17:35,6.0,48.0,2355.0,2,22.8,560.0,8.9,8.6,3.4,11.5,
TAL,66,20150527,17:35,6.0,48.0,2355.0,3,22.6,559.6,8.9,8.6,3.4,11.5,
TAL,66,20150527,17:35,6.0,48.0,2355.0,4,16.6,546.0,5.5,7.9,5.5,11.5,
TAL,66,20150527,17:35,6.0,48.0,2355.0,5,15.0,530.4,1.2,7.4,9.2,11.5,5
TAL,66,20150527,17:35,6.0,48.0,2355.0,6,13.2,545.5,0.0,7.4,8.7,11.5,
TAL,67,20150527,17:09,6.4,42.0,3301,0,22.9,557.7,8.9,8.6,3.4,11.1,
TAL,67,20150527,17:09,6.4,42.0,3301,1,22.9,557.6,8.9,8.6,3.4,11.1,
TAL,67,20150527,17:09,6.4,42.0,3301,2,22.7,557.7,8.9,8.6,3.6,11.1,
TAL,67,20150527,17:09,6.4,42.0,3301,3,18.7,543.2,8.6,8.6,3.9,11.1,
TAL,67,20150527,17:09,6.4,42.0,3301,4,16.8,544.6,5.6,7.9,4.8,11.1,
TAL,67,20150527,17:09,6.4,42.0,3301,5,15.0,543.1,2.3,7.5,6.2,11.1,5
TAL,67,20150527,17:09,6.4,42.0,3301,6,12.9,545.1,0.0,7.4,8.7,11.1,
TAL,68,20150527,15:20,7.4,48.0,1492,0,23.2,543.0,8.7,8.5,3.6,9.3,
TAL,68,20150527,15:20,7.4,48.0,1492,1,23.0,552.9,8.7,8.5,3.5,9.3,
TAL,68,20150527,15:20,7.4,48.0,1492,2,22.6,553.3,8.8,8.5,3.2,9.3,
TAL,68,20150527,15:20,7.4,48.0,1492,3,20.1,548.1,8.4,8.5,5.2,9.3,
TAL,68,20150527,15:20,7.4,48.0,1492,4,16.9,542.7,7.2,8.3,4.8,9.3,
TAL,68,20150527,15:20,7.4,48.0,1492,5,15.3,540.5,5.1,7.8,7.1,9.3,
TAL,68,20150527,15:20,7.4,48.0,1492,6,12.8,541.0,0.2,7.4,4.8,9.3,6
TAL,68,20150527,15:20,7.4,48.0,1492,7,11.7,546.6,0.0,7.4,5.7,9.3,
TAL,69,20150528,10:32,4.5,45.6,7988,0,22.5,614.8,8.7,8.5,3.8,4.5,
TAL,69,20150528,10:32,4.5,45.6,7988,1,22.4,614.5,8.6,8.5,4.1,4.5,
TAL,69,20150528,10:32,4.5,45.6,7988,2,21.9,614.8,7.7,8.3,5.8,4.5,
TAL,69,20150528,10:32,4.5,45.6,7988,3,20.4,605.8,6.7,8.2,5.6,4.5,
TAL,69,20150528,10:32,4.5,45.6,7988,4,17.9,600.0,1.5,7.6,9.2,4.5,4
TAL,70,20150528,10:55,1.9,27.6,9287,0,22.8,553.5,8.0,8.1,9.5,4.9,
TAL,70,20150528,10:55,1.9,27.6,9287,1,22.8,553.2,7.6,8.0,12.3,4.9,
TAL,70,20150528,10:55,1.9,27.6,9287,2,22.5,558.0,6.6,7.9,15.1,4.9,
TAL,71,20150528,9:15,4.0,43.2,3807,0,24.4,436.3,8.4,8.3,4.7,3.2,
TAL,71,20150528,9:15,4.0,43.2,3807,1,22.4,436.8,8.3,8.3,4.9,3.2,
TAL,71,20150528,9:15,4.0,43.2,3807,2,22.3,438.4,8.1,8.2,4.7,3.2,
TAL,71,20150528,9:15,4.0,43.2,3807,3,20.9,443.0,7.1,8.0,6.8,3.2,
TAL,71,20150528,9:15,4.0,43.2,3807,4,16.9,493.3,1.8,7.4,11.7,3.2,4
TAL,72,20150527,12:34,8.1,49.2,374,0,22.7,552.0,8.6,8.5,3.2,6.5,
TAL,72,20150527,12:34,8.1,49.2,374,1,22.4,551.6,8.7,8.5,3.4,6.5,
TAL,72,20150527,12:34,8.1,49.2,374,2,21.9,553.2,8.7,8.5,3.6,6.5,
TAL,72,20150527,12:34,8.1,49.2,374,3,20.8,545.9,8.3,8.4,3.4,6.5,
TAL,72,20150527,12:34,8.1,49.2,374,4,17.2,540.4,7.8,8.4,5.3,6.5,
TAL,72,20150527,12:34,8.1,49.2,374,5,15.3,538.8,4.7,7.7,5.9,6.5,
TAL,72,20150527,12:34,8.1,49.2,374,6,13.4,539.8,2.3,7.4,4.3,6.5,6
TAL,72,20150527,12:34,8.1,49.2,374,7,12.3,539.8,0.0,7.3,3.8,6.5,
TAL,72,20150527,12:34,8.1,49.2,374,8,11.0,549.4,0.0,7.4,3.6,6.5,
TAL,73,20150528,10:11,4.2,51.6,7344,0,22.3,592.8,8.7,8.5,3.8,4.1,
TAL,73,20150528,10:11,4.2,51.6,7344,1,22.2,590.7,8.6,8.5,4.1,4.1,
TAL,73,20150528,10:11,4.2,51.6,7344,2,21.9,584.6,8.2,8.4,5.3,4.1,
TAL,73,20150528,10:11,4.2,51.6,7344,3,21.2,583.0,8.3,8.4,4.2,4.1,
TAL,73,20150528,10:11,4.2,51.6,7344,4,19.2,571.9,5.9,8.0,6.8,4.1,
TAL,74,20150528,11:18,3.2,39.6,9874,0,23.4,638.7,9.3,8.6,4.1,5.2,
TAL,74,20150528,11:18,3.2,39.6,9874,1,23.0,631.6,8.8,8.5,4.7,5.2,
TAL,74,20150528,11:18,3.2,39.6,9874,2,21.2,662.7,7.4,8.2,6.2,5.2,
TAL,74,20150528,11:18,3.2,39.6,9874,3,19.1,649.1,2.1,7.6,8.6,5.2,3
TAL,75,20150528,9:32,3.8,42.0,4051,0,22.0,441.1,7.7,8.1,4.9,3.5,
TAL,75,20150528,9:32,3.8,42.0,4051,1,22.0,442.3,7.7,8.1,5.9,3.5,
TAL,75,20150528,9:32,3.8,42.0,4051,2,21.4,449.3,7.1,8.0,6.2,3.5,
TAL,75,20150528,9:32,3.8,42.0,4051,3,18.4,439.9,4.6,7.6,7.9,3.5,
TAL,75,20150528,9:32,3.8,42.0,4051,4,16.0,424.6,0.7,7.4,17.7,3.5,4
TAL,76,20150527,13:59,7.7,52.8,721,0,23.0,553.3,8.7,8.5,2.9,7.9,
TAL,76,20150527,13:59,7.7,52.8,721,1,22.6,554.3,8.8,8.5,3.3,7.9,
TAL,76,20150527,13:59,7.7,52.8,721,2,22.0,556.8,8.7,8.5,3.5,7.9,
TAL,76,20150527,13:59,7.7,52.8,721,3,21.2,552.4,8.7,8.5,3.2,7.9,
TAL,76,20150527,13:59,7.7,52.8,721,4,16.9,539.3,7.7,8.4,4.5,7.9,
TAL,76,20150527,13:59,7.7,52.8,721,5,15.0,536.4,5.3,7.8,5.8,7.9,
TAL,76,20150527,13:59,7.7,52.8,721,6,13.2,537.4,0.8,7.4,4.5,7.9,6
TAL,76,20150527,13:59,7.7,52.8,721,7,11.8,544.4,0.0,7.4,2.9,7.9,
TAL,77,20150528,12:04,1.8,24.0,14659,0,24.6,912.5,9.4,8.4,8.9,6.0,
TAL,77,20150528,12:04,1.8,24.0,14659,1,24.1,930.9,8.3,8.2,11.8,6.0,
TAL,77,20150528,12:04,1.8,24.0,14659,2,22.6,956.0,2.9,7.6,37.2,6.0,2
TAL,78,20150527,16:45,3.2,40.8,3511,0,23.2,554.6,8.8,8.5,4.0,10.7,
TAL,78,20150527,16:45,3.2,40.8,3511,1,21.4,554.7,9.1,8.6,4.2,10.7,
TAL,78,20150527,16:45,3.2,40.8,3511,2,21.1,551.5,9.1,8.6,4.7,10.7,
TAL,78,20150527,16:45,3.2,40.8,3511,3,19.4,547.2,7.5,8.4,9.0,10.7,
TAL,79,20150527,17:23,5.5,43.2,3236,0,23.0,559.5,8.9,8.6,3.1,11.3,
TAL,79,20150527,17:23,5.5,43.2,3236,1,23.0,559.2,8.9,8.6,3.2,11.3,
TAL,79,20150527,17:23,5.5,43.2,3236,2,23.0,558.6,8.9,8.6,3.4,11.3,
TAL,79,20150527,17:23,5.5,43.2,3236,3,18.8,540.8,8.0,8.4,4.3,11.3,
TAL,79,20150527,17:23,5.5,43.2,3236,4,16.7,534.4,4.9,7.8,5.7,11.3,
TAL,79,20150527,17:23,5.5,43.2,3236,5,14.4,544.5,1.3,7.4,7.2,11.3,5
TAL,80,20150527,13:44,2.6,30.0,2298,0,23.0,456.0,8.6,8.5,7.2,7.7,
TAL,80,20150527,13:44,2.6,30.0,2298,1,22.9,456.4,8.6,8.5,7.6,7.7,
TAL,80,20150527,13:44,2.6,30.0,2298,2,22.5,458.3,8.7,8.5,6.6,7.7,
,,,,,,,,,,,,,,
,,,,,,,,,,,,,,
